Year,State,TotalsViolentAll
1960,Alabama,6097
1961,Alabama,5564
1962,Alabama,5283
1963,Alabama,6115
1964,Alabama,7260
1965,Alabama,6916
1966,Alabama,8098
1967,Alabama,8448
1968,Alabama,8288
1969,Alabama,8842
1970,Alabama,10185
1971,Alabama,10835
1972,Alabama,10994
1973,Alabama,12390
1974,Alabama,13338
1975,Alabama,14201
1976,Alabama,14248
1977,Alabama,15293
1978,Alabama,15682
1979,Alabama,15578
1980,Alabama,17320
1981,Alabama,18423
1982,Alabama,17653
1983,Alabama,16471
1984,Alabama,17204
1985,Alabama,18398
1986,Alabama,22616
1987,Alabama,22833
1988,Alabama,23052
1989,Alabama,24329
1990,Alabama,28630
1991,Alabama,34518
1992,Alabama,36052
1993,Alabama,32676
1994,Alabama,28844
1995,Alabama,26894
1996,Alabama,24159
1997,Alabama,24379
1998,Alabama,22286
1999,Alabama,21421
2000,Alabama,21620
2001,Alabama,19582
2002,Alabama,19931
2003,Alabama,19331
2004,Alabama,19324
2005,Alabama,19678
2006,Alabama,19553
2007,Alabama,20775
2008,Alabama,21110
2009,Alabama,21194
2010,Alabama,18363
2011,Alabama,20166
2012,Alabama,21693
1960,Alaska,236
1961,Alaska,208
1962,Alaska,225
1963,Alaska,272
1964,Alaska,375
1965,Alaska,377
1966,Alaska,409
1967,Alaska,437
1968,Alaska,486
1969,Alaska,624
1970,Alaska,840
1971,Alaska,1112
1972,Alaska,1204
1973,Alaska,1269
1974,Alaska,1527
1975,Alaska,1900
1976,Alaska,2063
1977,Alaska,1804
1978,Alaska,1781
1979,Alaska,1994
1980,Alaska,1919
1981,Alaska,2537
1982,Alaska,2732
1983,Alaska,2940
1984,Alaska,3108
1985,Alaska,3031
1986,Alaska,3046
1987,Alaska,2391
1988,Alaska,2682
1989,Alaska,2623
1990,Alaska,2885
1991,Alaska,3499
1992,Alaska,3877
1993,Alaska,4557
1994,Alaska,4644
1995,Alaska,4656
1996,Alaska,4417
1997,Alaska,4270
1998,Alaska,4015
1999,Alaska,3908
2000,Alaska,3554
2001,Alaska,3735
2002,Alaska,3627
2003,Alaska,3877
2004,Alaska,4159
2005,Alaska,4194
2006,Alaska,4610
2007,Alaska,4520
2008,Alaska,4475
2009,Alaska,4424
2010,Alaska,4537
2011,Alaska,4416
2012,Alaska,4412
1960,Arizona,2704
1961,Arizona,2288
1962,Arizona,2610
1963,Arizona,3027
1964,Arizona,3368
1965,Arizona,3092
1966,Arizona,3272
1967,Arizona,3892
1968,Arizona,4402
1969,Arizona,5742
1970,Arizona,6564
1971,Arizona,7407
1972,Arizona,8731
1973,Arizona,9877
1974,Arizona,12202
1975,Arizona,12184
1976,Arizona,10335
1977,Arizona,11347
1978,Arizona,12996
1979,Arizona,14528
1980,Arizona,17673
1981,Arizona,16082
1982,Arizona,14785
1983,Arizona,14642
1984,Arizona,15756
1985,Arizona,19202
1986,Arizona,21835
1987,Arizona,20742
1988,Arizona,21147
1989,Arizona,21320
1990,Arizona,23911
1991,Arizona,25152
1992,Arizona,25706
1993,Arizona,28142
1994,Arizona,28653
1995,Arizona,30095
1996,Arizona,27963
1997,Arizona,28411
1998,Arizona,26984
1999,Arizona,26334
2000,Arizona,27281
2001,Arizona,28675
2002,Arizona,30171
2003,Arizona,28638
2004,Arizona,28952
2005,Arizona,30478
2006,Arizona,33456
2007,Arizona,32835
2008,Arizona,31567
2009,Arizona,28128
2010,Arizona,26528
2011,Arizona,26789
2012,Arizona,28108
1960,Arkansas,1924
1961,Arkansas,1809
1962,Arkansas,1667
1963,Arkansas,1991
1964,Arkansas,2641
1965,Arkansas,2662
1966,Arkansas,3185
1967,Arkansas,4320
1968,Arkansas,4360
1969,Arkansas,4390
1970,Arkansas,4276
1971,Arkansas,4680
1972,Arkansas,4840
1973,Arkansas,5905
1974,Arkansas,6521
1975,Arkansas,7369
1976,Arkansas,6410
1977,Arkansas,6924
1978,Arkansas,7522
1979,Arkansas,7984
1980,Arkansas,7656
1981,Arkansas,7119
1982,Arkansas,7438
1983,Arkansas,6930
1984,Arkansas,7549
1985,Arkansas,8199
1986,Arkansas,9365
1987,Arkansas,9839
1988,Arkansas,10237
1989,Arkansas,11397
1990,Arkansas,12511
1991,Arkansas,14072
1992,Arkansas,13831
1993,Arkansas,14381
1994,Arkansas,14598
1995,Arkansas,13741
1996,Arkansas,13161
1997,Arkansas,13293
1998,Arkansas,12442
1999,Arkansas,10848
2000,Arkansas,11904
2001,Arkansas,12190
2002,Arkansas,11501
2003,Arkansas,12449
2004,Arkansas,13814
2005,Arkansas,14670
2006,Arkansas,15538
2007,Arkansas,15226
2008,Arkansas,14649
2009,Arkansas,14905
2010,Arkansas,14711
2011,Arkansas,14173
2012,Arkansas,13835
1960,California,37558
1961,California,38154
1962,California,39846
1963,California,42419
1964,California,48026
1965,California,52490
1966,California,57718
1967,California,67446
1968,California,81293
1969,California,89878
1970,California,94741
1971,California,104872
1972,California,110667
1973,California,116563
1974,California,127658
1975,California,138842
1976,California,144041
1977,California,154582
1978,California,165626
1979,California,184087
1980,California,210290
1981,California,208485
1982,California,201429
1983,California,194491
1984,California,195589
1985,California,201763
1986,California,248370
1987,California,253943
1988,California,261912
1989,California,284136
1990,California,311051
1991,California,331122
1992,California,345624
1993,California,336381
1994,California,318395
1995,California,305154
1996,California,274996
1997,California,257582
1998,California,229883
1999,California,207879
2000,California,210531
2001,California,212867
2002,California,208388
2003,California,205551
2004,California,189175
2005,California,190178
2006,California,194483
2007,California,191561
2008,California,185329
2009,California,174934
2010,California,164133
2011,California,154943
2012,California,160944
1960,Colorado,2408
1961,Colorado,2659
1962,Colorado,2990
1963,Colorado,2555
1964,Colorado,3119
1965,Colorado,3007
1966,Colorado,3340
1967,Colorado,3789
1968,Colorado,5387
1969,Colorado,6275
1970,Colorado,7874
1971,Colorado,8530
1972,Colorado,9555
1973,Colorado,10088
1974,Colorado,10728
1975,Colorado,11735
1976,Colorado,10770
1977,Colorado,13407
1978,Colorado,13296
1979,Colorado,14472
1980,Colorado,15215
1981,Colorado,15755
1982,Colorado,15354
1983,Colorado,14955
1984,Colorado,14548
1985,Colorado,15219
1986,Colorado,17105
1987,Colorado,15409
1988,Colorado,15548
1989,Colorado,15636
1990,Colorado,17328
1991,Colorado,18887
1992,Colorado,20086
1993,Colorado,20229
1994,Colorado,18632
1995,Colorado,16494
1996,Colorado,15463
1997,Colorado,14139
1998,Colorado,15008
1999,Colorado,13811
2000,Colorado,14367
2001,Colorado,15492
2002,Colorado,15882
2003,Colorado,15757
2004,Colorado,17121
2005,Colorado,18498
2006,Colorado,18794
2007,Colorado,17101
2008,Colorado,17480
2009,Colorado,17022
2010,Colorado,16339
2011,Colorado,16085
2012,Colorado,16023
1960,Connecticut,928
1961,Connecticut,878
1962,Connecticut,938
1963,Connecticut,1192
1964,Connecticut,1773
1965,Connecticut,1973
1966,Connecticut,2146
1967,Connecticut,2804
1968,Connecticut,3825
1969,Connecticut,4415
1970,Connecticut,5167
1971,Connecticut,5968
1972,Connecticut,6138
1973,Connecticut,6421
1974,Connecticut,7045
1975,Connecticut,8308
1976,Connecticut,8516
1977,Connecticut,8774
1978,Connecticut,9762
1979,Connecticut,12902
1980,Connecticut,12768
1981,Connecticut,14033
1982,Connecticut,12597
1983,Connecticut,11767
1984,Connecticut,12422
1985,Connecticut,12758
1986,Connecticut,13578
1987,Connecticut,13455
1988,Connecticut,14759
1989,Connecticut,16576
1990,Connecticut,18201
1991,Connecticut,17761
1992,Connecticut,16252
1993,Connecticut,14949
1994,Connecticut,14916
1995,Connecticut,13293
1996,Connecticut,13490
1997,Connecticut,12781
1998,Connecticut,11993
1999,Connecticut,11342
2000,Connecticut,11058
2001,Connecticut,11492
2002,Connecticut,10807
2003,Connecticut,11045
2004,Connecticut,10113
2005,Connecticut,9542
2006,Connecticut,10505
2007,Connecticut,10547
2008,Connecticut,10737
2009,Connecticut,10588
2010,Connecticut,10083
2011,Connecticut,9889
2012,Connecticut,10160
1960,Delaware,375
1961,Delaware,318
1962,Delaware,338
1963,Delaware,424
1964,Delaware,541
1965,Delaware,561
1966,Delaware,655
1967,Delaware,948
1968,Delaware,1288
1969,Delaware,1588
1970,Delaware,1795
1971,Delaware,2060
1972,Delaware,2181
1973,Delaware,2016
1974,Delaware,2539
1975,Delaware,2270
1976,Delaware,1872
1977,Delaware,2224
1978,Delaware,2569
1979,Delaware,3127
1980,Delaware,2824
1981,Delaware,3044
1982,Delaware,3370
1983,Delaware,2746
1984,Delaware,2671
1985,Delaware,2695
1986,Delaware,2703
1987,Delaware,2774
1988,Delaware,2981
1989,Delaware,3745
1990,Delaware,4365
1991,Delaware,4857
1992,Delaware,4280
1993,Delaware,4801
1994,Delaware,4549
1995,Delaware,5198
1996,Delaware,4845
1997,Delaware,5753
1998,Delaware,5672
1999,Delaware,5534
2000,Delaware,5363
2001,Delaware,4868
2002,Delaware,4836
2003,Delaware,5525
2004,Delaware,5105
2005,Delaware,5332
2006,Delaware,5983
2007,Delaware,6100
2008,Delaware,6187
2009,Delaware,5713
2010,Delaware,5608
2011,Delaware,5144
2012,Delaware,5020
1960,District of Columbia,4230
1961,District of Columbia,4491
1962,District of Columbia,4750
1963,District of Columbia,4740
1964,District of Columbia,5112
1965,District of Columbia,5804
1966,District of Columbia,7155
1967,District of Columbia,9252
1968,District of Columbia,12180
1969,District of Columbia,17038
1970,District of Columbia,16846
1971,District of Columbia,16084
1972,District of Columbia,12607
1973,District of Columbia,11626
1974,District of Columbia,11590
1975,District of Columbia,12704
1976,District of Columbia,10399
1977,District of Columbia,9843
1978,District of Columbia,9515
1979,District of Columbia,10553
1980,District of Columbia,12772
1981,District of Columbia,14468
1982,District of Columbia,13397
1983,District of Columbia,11933
1984,District of Columbia,10725
1985,District of Columbia,10171
1986,District of Columbia,9423
1987,District of Columbia,10016
1988,District of Columbia,11914
1989,District of Columbia,12937
1990,District of Columbia,14919
1991,District of Columbia,14671
1992,District of Columbia,16685
1993,District of Columbia,16888
1994,District of Columbia,15177
1995,District of Columbia,14744
1996,District of Columbia,13411
1997,District of Columbia,10708
1998,District of Columbia,8988
1999,District of Columbia,8448
2000,District of Columbia,8626
2001,District of Columbia,9195
2002,District of Columbia,9322
2003,District of Columbia,9061
2004,District of Columbia,7590
2005,District of Columbia,8032
2006,District of Columbia,8772
2007,District of Columbia,8325
2008,District of Columbia,8509
2009,District of Columbia,8089
2010,District of Columbia,8026
2011,District of Columbia,7433
2012,District of Columbia,7864
1960,Florida,11061
1961,Florida,11376
1962,Florida,10489
1963,Florida,12150
1964,Florida,16539
1965,Florida,17386
1966,Florida,20069
1967,Florida,23399
1968,Florida,27913
1969,Florida,29411
1970,Florida,33824
1971,Florida,38575
1972,Florida,40252
1973,Florida,46419
1974,Florida,54821
1975,Florida,57540
1976,Florida,54597
1977,Florida,58052
1978,Florida,65792
1979,Florida,73881
1980,Florida,94095
1981,Florida,98109
1982,Florida,93411
1983,Florida,88292
1984,Florida,95270
1985,Florida,106971
1986,Florida,121013
1987,Florida,123168
1988,Florida,138343
1989,Florida,140575
1990,Florida,160990
1991,Florida,157243
1992,Florida,162827
1993,Florida,164975
1994,Florida,160016
1995,Florida,151711
1996,Florida,151350
1997,Florida,149996
1998,Florida,140016
1999,Florida,129044
2000,Florida,129777
2001,Florida,130713
2002,Florida,128721
2003,Florida,124280
2004,Florida,123754
2005,Florida,125957
2006,Florida,129602
2007,Florida,131878
2008,Florida,126256
2009,Florida,113541
2010,Florida,101969
2011,Florida,98198
2012,Florida,94087
1960,Georgia,6262
1961,Georgia,6269
1962,Georgia,6200
1963,Georgia,7019
1964,Georgia,8285
1965,Georgia,8777
1966,Georgia,9066
1967,Georgia,8536
1968,Georgia,9903
1969,Georgia,11235
1970,Georgia,13976
1971,Georgia,15898
1972,Georgia,17823
1973,Georgia,19738
1974,Georgia,21587
1975,Georgia,22608
1976,Georgia,21030
1977,Georgia,22203
1978,Georgia,24545
1979,Georgia,28594
1980,Georgia,29993
1981,Georgia,30527
1982,Georgia,26963
1983,Georgia,26179
1984,Georgia,27935
1985,Georgia,30311
1986,Georgia,35869
1987,Georgia,35868
1988,Georgia,42589
1989,Georgia,47357
1990,Georgia,48996
1991,Georgia,48894
1992,Georgia,49496
1993,Georgia,50019
1994,Georgia,47103
1995,Georgia,47317
1996,Georgia,46966
1997,Georgia,45408
1998,Georgia,43762
1999,Georgia,41585
2000,Georgia,41319
2001,Georgia,41671
2002,Georgia,39271
2003,Georgia,39435
2004,Georgia,40217
2005,Georgia,40725
2006,Georgia,44754
2007,Georgia,46917
2008,Georgia,47353
2009,Georgia,42073
2010,Georgia,39068
2011,Georgia,36762
2012,Georgia,37591
1960,Hawaii,138
1961,Hawaii,161
1962,Hawaii,256
1963,Hawaii,215
1964,Hawaii,575
1965,Hawaii,491
1966,Hawaii,598
1967,Hawaii,591
1968,Hawaii,662
1969,Hawaii,684
1970,Hawaii,938
1971,Hawaii,1830
1972,Hawaii,1258
1973,Hawaii,1295
1974,Hawaii,1762
1975,Hawaii,1889
1976,Hawaii,2034
1977,Hawaii,2012
1978,Hawaii,2423
1979,Hawaii,2651
1980,Hawaii,2889
1981,Hawaii,2424
1982,Hawaii,2542
1983,Hawaii,2579
1984,Hawaii,2409
1985,Hawaii,2313
1986,Hawaii,2604
1987,Hawaii,2851
1988,Hawaii,2810
1989,Hawaii,3004
1990,Hawaii,3113
1991,Hawaii,2744
1992,Hawaii,2998
1993,Hawaii,3061
1994,Hawaii,3091
1995,Hawaii,3509
1996,Hawaii,3322
1997,Hawaii,3299
1998,Hawaii,2946
1999,Hawaii,2785
2000,Hawaii,2954
2001,Hawaii,3117
2002,Hawaii,3262
2003,Hawaii,3400
2004,Hawaii,3213
2005,Hawaii,3253
2006,Hawaii,3608
2007,Hawaii,3544
2008,Hawaii,3510
2009,Hawaii,3550
2010,Hawaii,3603
2011,Hawaii,3465
2012,Hawaii,3330
1960,Idaho,255
1961,Idaho,222
1962,Idaho,234
1963,Idaho,362
1964,Idaho,537
1965,Idaho,493
1966,Idaho,461
1967,Idaho,478
1968,Idaho,518
1969,Idaho,806
1970,Idaho,879
1971,Idaho,917
1972,Idaho,1085
1973,Idaho,1264
1974,Idaho,1465
1975,Idaho,1670
1976,Idaho,1884
1977,Idaho,2030
1978,Idaho,2076
1979,Idaho,2613
1980,Idaho,2957
1981,Idaho,2717
1982,Idaho,2501
1983,Idaho,2361
1984,Idaho,2355
1985,Idaho,2360
1986,Idaho,2232
1987,Idaho,2138
1988,Idaho,2345
1989,Idaho,2582
1990,Idaho,2776
1991,Idaho,3016
1992,Idaho,3003
1993,Idaho,3097
1994,Idaho,3238
1995,Idaho,3745
1996,Idaho,3177
1997,Idaho,3107
1998,Idaho,3468
1999,Idaho,3066
2000,Idaho,3267
2001,Idaho,3211
2002,Idaho,3419
2003,Idaho,3362
2004,Idaho,3452
2005,Idaho,3670
2006,Idaho,3666
2007,Idaho,3841
2008,Idaho,3680
2009,Idaho,3805
2010,Idaho,3464
2011,Idaho,3202
2012,Idaho,3318
1960,Illinois,36802
1961,Illinois,37156
1962,Illinois,38926
1963,Illinois,33627
1964,Illinois,36916
1965,Illinois,34345
1966,Illinois,39116
1967,Illinois,42956
1968,Illinois,44776
1969,Illinois,49543
1970,Illinois,52006
1971,Illinois,53436
1972,Illinois,57162
1973,Illinois,62457
1974,Illinois,69806
1975,Illinois,74699
1976,Illinois,70266
1977,Illinois,70910
1978,Illinois,76084
1979,Illinois,83540
1980,Illinois,91753
1981,Illinois,90781
1982,Illinois,88644
1983,Illinois,83629
1984,Illinois,83441
1985,Illinois,82448
1986,Illinois,93454
1987,Illinois,92216
1988,Illinois,93557
1989,Illinois,98611
1990,Illinois,110575
1991,Illinois,119955
1992,Illinois,113664
1993,Illinois,112260
1994,Illinois,112928
1995,Illinois,117836
1996,Illinois,105482
1997,Illinois,102476
1998,Illinois,97291
1999,Illinois,83621
2000,Illinois,81196
2001,Illinois,79270
2002,Illinois,75759
2003,Illinois,70376
2004,Illinois,69365
2005,Illinois,70496
2006,Illinois,69498
2007,Illinois,68528
2008,Illinois,67780
2009,Illinois,64185
2010,Illinois,57132
2011,Illinois,54523
2012,Illinois,53403
1960,Indiana,3945
1961,Indiana,4044
1962,Indiana,4191
1963,Indiana,4819
1964,Indiana,6564
1965,Indiana,6695
1966,Indiana,7196
1967,Indiana,8143
1968,Indiana,10229
1969,Indiana,10141
1970,Indiana,12184
1971,Indiana,13031
1972,Indiana,12968
1973,Indiana,13696
1974,Indiana,15631
1975,Indiana,17677
1976,Indiana,16721
1977,Indiana,16553
1978,Indiana,17383
1979,Indiana,18254
1980,Indiana,20633
1981,Indiana,18672
1982,Indiana,16444
1983,Indiana,15547
1984,Indiana,16781
1985,Indiana,17014
1986,Indiana,16937
1987,Indiana,18169
1988,Indiana,21187
1989,Indiana,22735
1990,Indiana,26275
1991,Indiana,28349
1992,Indiana,28791
1993,Indiana,27941
1994,Indiana,30205
1995,Indiana,30451
1996,Indiana,31366
1997,Indiana,30179
1998,Indiana,25423
1999,Indiana,22261
2000,Indiana,21230
2001,Indiana,22734
2002,Indiana,22001
2003,Indiana,21842
2004,Indiana,20294
2005,Indiana,20302
2006,Indiana,20303
2007,Indiana,21310
2008,Indiana,21525
2009,Indiana,21455
2010,Indiana,20983
2011,Indiana,21619
2012,Indiana,22602
1960,Iowa,656
1961,Iowa,643
1962,Iowa,559
1963,Iowa,629
1964,Iowa,1007
1965,Iowa,1067
1966,Iowa,1214
1967,Iowa,1608
1968,Iowa,1882
1969,Iowa,1918
1970,Iowa,2241
1971,Iowa,2822
1972,Iowa,2519
1973,Iowa,2970
1974,Iowa,3455
1975,Iowa,4039
1976,Iowa,3813
1977,Iowa,4145
1978,Iowa,4674
1979,Iowa,5259
1980,Iowa,5826
1981,Iowa,5915
1982,Iowa,5018
1983,Iowa,5262
1984,Iowa,5781
1985,Iowa,6106
1986,Iowa,6703
1987,Iowa,6553
1988,Iowa,7279
1989,Iowa,7563
1990,Iowa,8321
1991,Iowa,8477
1992,Iowa,7816
1993,Iowa,9159
1994,Iowa,8914
1995,Iowa,10071
1996,Iowa,7771
1997,Iowa,8841
1998,Iowa,8916
1999,Iowa,8034
2000,Iowa,7796
2001,Iowa,7865
2002,Iowa,8388
2003,Iowa,8175
2004,Iowa,8499
2005,Iowa,8697
2006,Iowa,8521
2007,Iowa,8970
2008,Iowa,8651
2009,Iowa,8485
2010,Iowa,8191
2011,Iowa,7883
2012,Iowa,8112
1960,Kansas,1272
1961,Kansas,1282
1962,Kansas,1477
1963,Kansas,1831
1964,Kansas,2573
1965,Kansas,2392
1966,Kansas,2517
1967,Kansas,3248
1968,Kansas,3463
1969,Kansas,3873
1970,Kansas,4561
1971,Kansas,4843
1972,Kansas,4737
1973,Kansas,4956
1974,Kansas,6272
1975,Kansas,6307
1976,Kansas,6529
1977,Kansas,7206
1978,Kansas,7471
1979,Kansas,8376
1980,Kansas,9168
1981,Kansas,8796
1982,Kansas,8088
1983,Kansas,7919
1984,Kansas,8147
1985,Kansas,8716
1986,Kansas,9076
1987,Kansas,8932
1988,Kansas,9083
1989,Kansas,10073
1990,Kansas,11093
1991,Kansas,12465
1992,Kansas,12888
1993,Kansas,12564
1994,Kansas,11314
1995,Kansas,10792
1996,Kansas,10642
1997,Kansas,11151
1998,Kansas,10972
1999,Kansas,10159
2000,Kansas,10470
2001,Kansas,10909
2002,Kansas,10229
2003,Kansas,10831
2004,Kansas,10330
2005,Kansas,10701
2006,Kansas,11960
2007,Kansas,12730
2008,Kansas,11554
2009,Kansas,11460
2010,Kansas,10602
2011,Kansas,10209
2012,Kansas,10232
1960,Kentucky,2957
1961,Kentucky,2907
1962,Kentucky,2963
1963,Kentucky,2849
1964,Kentucky,3486
1965,Kentucky,3463
1966,Kentucky,4191
1967,Kentucky,4484
1968,Kentucky,5317
1969,Kentucky,5745
1970,Kentucky,7157
1971,Kentucky,7717
1972,Kentucky,7446
1973,Kentucky,7356
1974,Kentucky,7857
1975,Kentucky,8967
1976,Kentucky,8987
1977,Kentucky,8077
1978,Kentucky,7807
1979,Kentucky,8748
1980,Kentucky,9711
1981,Kentucky,10599
1982,Kentucky,11550
1983,Kentucky,11967
1984,Kentucky,10342
1985,Kentucky,11384
1986,Kentucky,12467
1987,Kentucky,12589
1988,Kentucky,12284
1989,Kentucky,13302
1990,Kentucky,14386
1991,Kentucky,16262
1992,Kentucky,20107
1993,Kentucky,17530
1994,Kentucky,16991
1995,Kentucky,14079
1996,Kentucky,12448
1997,Kentucky,12386
1998,Kentucky,12909
1999,Kentucky,12212
2000,Kentucky,11903
2001,Kentucky,10510
2002,Kentucky,11101
2003,Kentucky,10232
2004,Kentucky,10152
2005,Kentucky,11134
2006,Kentucky,11361
2007,Kentucky,12329
2008,Kentucky,12690
2009,Kentucky,11000
2010,Kentucky,10604
2011,Kentucky,10465
2012,Kentucky,9752
1960,Louisiana,4990
1961,Louisiana,4508
1962,Louisiana,4570
1963,Louisiana,5798
1964,Louisiana,7140
1965,Louisiana,7178
1966,Louisiana,8689
1967,Louisiana,10071
1968,Louisiana,11742
1969,Louisiana,13492
1970,Louisiana,15063
1971,Louisiana,15208
1972,Louisiana,15712
1973,Louisiana,16020
1974,Louisiana,17794
1975,Louisiana,18137
1976,Louisiana,18161
1977,Louisiana,20577
1978,Louisiana,23197
1979,Louisiana,27229
1980,Louisiana,27926
1981,Louisiana,27478
1982,Louisiana,29185
1983,Louisiana,28444
1984,Louisiana,30251
1985,Louisiana,31108
1986,Louisiana,34128
1987,Louisiana,30916
1988,Louisiana,31711
1989,Louisiana,34257
1990,Louisiana,37914
1991,Louisiana,40438
1992,Louisiana,42209
1993,Louisiana,45600
1994,Louisiana,42369
1995,Louisiana,43741
1996,Louisiana,40426
1997,Louisiana,37248
1998,Louisiana,34057
1999,Louisiana,32033
2000,Louisiana,30440
2001,Louisiana,30678
2002,Louisiana,29690
2003,Louisiana,28622
2004,Louisiana,28844
2005,Louisiana,26889
2006,Louisiana,30923
2007,Louisiana,31789
2008,Louisiana,29613
2009,Louisiana,28878
2010,Louisiana,25241
2011,Louisiana,25373
2012,Louisiana,22868
1960,Maine,289
1961,Maine,334
1962,Maine,277
1963,Maine,306
1964,Maine,506
1965,Maine,437
1966,Maine,486
1967,Maine,621
1968,Maine,633
1969,Maine,733
1970,Maine,887
1971,Maine,903
1972,Maine,1143
1973,Maine,1258
1974,Maine,1440
1975,Maine,2324
1976,Maine,2354
1977,Maine,2438
1978,Maine,2266
1979,Maine,2221
1980,Maine,2173
1981,Maine,2214
1982,Maine,1847
1983,Maine,1829
1984,Maine,1832
1985,Maine,1950
1986,Maine,1726
1987,Maine,1806
1988,Maine,1898
1989,Maine,1676
1990,Maine,1759
1991,Maine,1631
1992,Maine,1616
1993,Maine,1558
1994,Maine,1611
1995,Maine,1631
1996,Maine,1553
1997,Maine,1500
1998,Maine,1566
1999,Maine,1404
2000,Maine,1397
2001,Maine,1435
2002,Maine,1396
2003,Maine,1422
2004,Maine,1364
2005,Maine,1483
2006,Maine,1533
2007,Maine,1565
2008,Maine,1572
2009,Maine,1580
2010,Maine,1621
2011,Maine,1638
2012,Maine,1631
1960,Maryland,4691
1961,Maryland,4959
1962,Maryland,4915
1963,Maryland,5283
1964,Maryland,7446
1965,Maryland,10032
1966,Maryland,11236
1967,Maryland,17458
1968,Maryland,23405
1969,Maryland,24295
1970,Maryland,24512
1971,Maryland,24857
1972,Maryland,26412
1973,Maryland,26093
1974,Maryland,29439
1975,Maryland,29087
1976,Maryland,26249
1977,Maryland,28716
1978,Maryland,30328
1979,Maryland,33007
1980,Maryland,35735
1981,Maryland,37800
1982,Maryland,36254
1983,Maryland,34736
1984,Maryland,34455
1985,Maryland,36655
1986,Maryland,37177
1987,Maryland,34820
1988,Maryland,37466
1989,Maryland,40152
1990,Maryland,43940
1991,Maryland,46469
1992,Maryland,49085
1993,Maryland,49540
1994,Maryland,47457
1995,Maryland,49757
1996,Maryland,47230
1997,Maryland,43127
1998,Maryland,40903
1999,Maryland,38447
2000,Maryland,41663
2001,Maryland,42088
2002,Maryland,42015
2003,Maryland,38778
2004,Maryland,38961
2005,Maryland,39369
2006,Maryland,38111
2007,Maryland,36063
2008,Maryland,35393
2009,Maryland,33625
2010,Maryland,31607
2011,Maryland,28817
2012,Maryland,28055
1960,Massachusetts,2512
1961,Massachusetts,2777
1962,Massachusetts,3207
1963,Massachusetts,3454
1964,Massachusetts,4559
1965,Massachusetts,5270
1966,Massachusetts,6201
1967,Massachusetts,6919
1968,Massachusetts,8916
1969,Massachusetts,10272
1970,Massachusetts,11542
1971,Massachusetts,15317
1972,Massachusetts,17086
1973,Massachusetts,20475
1974,Massachusetts,22545
1975,Massachusetts,25793
1976,Massachusetts,23190
1977,Massachusetts,24593
1978,Massachusetts,26673
1979,Massachusetts,30650
1980,Massachusetts,34444
1981,Massachusetts,36273
1982,Massachusetts,33031
1983,Massachusetts,33264
1984,Massachusetts,30362
1985,Massachusetts,31334
1986,Massachusetts,32476
1987,Massachusetts,33060
1988,Massachusetts,36376
1989,Massachusetts,39912
1990,Massachusetts,44300
1991,Massachusetts,44138
1992,Massachusetts,46727
1993,Massachusetts,48393
1994,Massachusetts,42749
1995,Massachusetts,41739
1996,Massachusetts,39122
1997,Massachusetts,39411
1998,Massachusetts,38192
1999,Massachusetts,34023
2000,Massachusetts,30230
2001,Massachusetts,30585
2002,Massachusetts,31137
2003,Massachusetts,30377
2004,Massachusetts,29489
2005,Massachusetts,29644
2006,Massachusetts,32217
2007,Massachusetts,28487
2008,Massachusetts,30137
2009,Massachusetts,30503
2010,Massachusetts,30737
2011,Massachusetts,28232
2012,Massachusetts,26953
1960,Michigan,17034
1961,Michigan,16499
1962,Michigan,18106
1963,Michigan,18478
1964,Michigan,21153
1965,Michigan,24459
1966,Michigan,27806
1967,Michigan,33390
1968,Michigan,37292
1969,Michigan,44048
1970,Michigan,51090
1971,Michigan,51697
1972,Michigan,50425
1973,Michigan,52921
1974,Michigan,59993
1975,Michigan,62792
1976,Michigan,58814
1977,Michigan,53381
1978,Michigan,53040
1979,Michigan,56558
1980,Michigan,59014
1981,Michigan,59058
1982,Michigan,59806
1983,Michigan,64993
1984,Michigan,68979
1985,Michigan,66714
1986,Michigan,73517
1987,Michigan,71772
1988,Michigan,68980
1989,Michigan,65760
1990,Michigan,73468
1991,Michigan,75232
1992,Michigan,72672
1993,Michigan,75021
1994,Michigan,72751
1995,Michigan,65680
1996,Michigan,60951
1997,Michigan,57663
1998,Michigan,60947
1999,Michigan,56709
2000,Michigan,55159
2001,Michigan,55424
2002,Michigan,54306
2003,Michigan,51550
2004,Michigan,49737
2005,Michigan,55936
2006,Michigan,56981
2007,Michigan,53765
2008,Michigan,51512
2009,Michigan,49825
2010,Michigan,48693
2011,Michigan,43731
2012,Michigan,44922
1960,Minnesota,1435
1961,Minnesota,1505
1962,Minnesota,1674
1963,Minnesota,1983
1964,Minnesota,2601
1965,Minnesota,3074
1966,Minnesota,3691
1967,Minnesota,4727
1968,Minnesota,5111
1969,Minnesota,5253
1970,Minnesota,5782
1971,Minnesota,5993
1972,Minnesota,6798
1973,Minnesota,6926
1974,Minnesota,8119
1975,Minnesota,8125
1976,Minnesota,7492
1977,Minnesota,7705
1978,Minnesota,7601
1979,Minnesota,8973
1980,Minnesota,9250
1981,Minnesota,9344
1982,Minnesota,9062
1983,Minnesota,7909
1984,Minnesota,8802
1985,Minnesota,10751
1986,Minnesota,11991
1987,Minnesota,12118
1988,Minnesota,12490
1989,Minnesota,12549
1990,Minnesota,13392
1991,Minnesota,14006
1992,Minnesota,15144
1993,Minnesota,15986
1994,Minnesota,16397
1995,Minnesota,16416
1996,Minnesota,15782
1997,Minnesota,15827
1998,Minnesota,14656
1999,Minnesota,13085
2000,Minnesota,13813
2001,Minnesota,13145
2002,Minnesota,13428
2003,Minnesota,13316
2004,Minnesota,13751
2005,Minnesota,15243
2006,Minnesota,16042
2007,Minnesota,15054
2008,Minnesota,13853
2009,Minnesota,12874
2010,Minnesota,12515
2011,Minnesota,12323
2012,Minnesota,12419
1960,Mississippi,2236
1961,Mississippi,2274
1962,Mississippi,2079
1963,Mississippi,1779
1964,Mississippi,4118
1965,Mississippi,3949
1966,Mississippi,3504
1967,Mississippi,2672
1968,Mississippi,3397
1969,Mississippi,3354
1970,Mississippi,3974
1971,Mississippi,6151
1972,Mississippi,7076
1973,Mississippi,7734
1974,Mississippi,7782
1975,Mississippi,7411
1976,Mississippi,6954
1977,Mississippi,6896
1978,Mississippi,7721
1979,Mississippi,7786
1980,Mississippi,8588
1981,Mississippi,7706
1982,Mississippi,7515
1983,Mississippi,7255
1984,Mississippi,7326
1985,Mississippi,7079
1986,Mississippi,7196
1987,Mississippi,7081
1988,Mississippi,8544
1989,Mississippi,8156
1990,Mississippi,8758
1991,Mississippi,10085
1992,Mississippi,10763
1993,Mississippi,11467
1994,Mississippi,13177
1995,Mississippi,13560
1996,Mississippi,13261
1997,Mississippi,12808
1998,Mississippi,11302
1999,Mississippi,9671
2000,Mississippi,10267
2001,Mississippi,10006
2002,Mississippi,9858
2003,Mississippi,9336
2004,Mississippi,8568
2005,Mississippi,8131
2006,Mississippi,9076
2007,Mississippi,8502
2008,Mississippi,8942
2009,Mississippi,8451
2010,Mississippi,7999
2011,Mississippi,8009
2012,Mississippi,7786
1960,Missouri,7468
1961,Missouri,7266
1962,Missouri,8059
1963,Missouri,8629
1964,Missouri,9553
1965,Missouri,10588
1966,Missouri,11149
1967,Missouri,12746
1968,Missouri,15216
1969,Missouri,18260
1970,Missouri,18986
1971,Missouri,18357
1972,Missouri,18223
1973,Missouri,19441
1974,Missouri,21612
1975,Missouri,23521
1976,Missouri,21470
1977,Missouri,22105
1978,Missouri,22738
1979,Missouri,25662
1980,Missouri,27177
1981,Missouri,26675
1982,Missouri,25078
1983,Missouri,23718
1984,Missouri,23071
1985,Missouri,25321
1986,Missouri,29310
1987,Missouri,27792
1988,Missouri,28393
1989,Missouri,32634
1990,Missouri,36602
1991,Missouri,39358
1992,Missouri,38448
1993,Missouri,38963
1994,Missouri,39240
1995,Missouri,35339
1996,Missouri,31669
1997,Missouri,31192
1998,Missouri,30222
1999,Missouri,27353
2000,Missouri,27419
2001,Missouri,30472
2002,Missouri,30557
2003,Missouri,28067
2004,Missouri,28226
2005,Missouri,30477
2006,Missouri,31897
2007,Missouri,32962
2008,Missouri,29701
2009,Missouri,29513
2010,Missouri,27440
2011,Missouri,26888
2012,Missouri,27155
1960,Montana,453
1961,Montana,457
1962,Montana,390
1963,Montana,414
1964,Montana,564
1965,Montana,514
1966,Montana,507
1967,Montana,588
1968,Montana,610
1969,Montana,682
1970,Montana,774
1971,Montana,971
1972,Montana,1079
1973,Montana,1207
1974,Montana,1194
1975,Montana,1418
1976,Montana,1358
1977,Montana,1659
1978,Montana,1865
1979,Montana,1762
1980,Montana,1740
1981,Montana,2004
1982,Montana,1801
1983,Montana,1737
1984,Montana,1958
1985,Montana,1722
1986,Montana,1289
1987,Montana,1223
1988,Montana,989
1989,Montana,935
1990,Montana,1273
1991,Montana,1130
1992,Montana,1400
1993,Montana,1489
1994,Montana,1516
1995,Montana,1491
1996,Montana,1415
1997,Montana,1161
1998,Montana,1797
1999,Montana,2090
2000,Montana,2807
2001,Montana,3187
2002,Montana,3197
2003,Montana,3351
2004,Montana,2723
2005,Montana,2634
2006,Montana,3564
2007,Montana,3638
2008,Montana,3013
2009,Montana,2798
2010,Montana,2733
2011,Montana,2755
2012,Montana,2736
1960,Nebraska,590
1961,Nebraska,586
1962,Nebraska,637
1963,Nebraska,591
1964,Nebraska,776
1965,Nebraska,852
1966,Nebraska,941
1967,Nebraska,1624
1968,Nebraska,2103
1969,Nebraska,2302
1970,Nebraska,2731
1971,Nebraska,2355
1972,Nebraska,2638
1973,Nebraska,2859
1974,Nebraska,3697
1975,Nebraska,3986
1976,Nebraska,3269
1977,Nebraska,3113
1978,Nebraska,2982
1979,Nebraska,3556
1980,Nebraska,3512
1981,Nebraska,2861
1982,Nebraska,3641
1983,Nebraska,3477
1984,Nebraska,3627
1985,Nebraska,3821
1986,Nebraska,4196
1987,Nebraska,4004
1988,Nebraska,4374
1989,Nebraska,4503
1990,Nebraska,5209
1991,Nebraska,5330
1992,Nebraska,5598
1993,Nebraska,6071
1994,Nebraska,6322
1995,Nebraska,6253
1996,Nebraska,7182
1997,Nebraska,7265
1998,Nebraska,7507
1999,Nebraska,7167
2000,Nebraska,5606
2001,Nebraska,5214
2002,Nebraska,5428
2003,Nebraska,5105
2004,Nebraska,5393
2005,Nebraska,5052
2006,Nebraska,5197
2007,Nebraska,5524
2008,Nebraska,5570
2009,Nebraska,5199
2010,Nebraska,5093
2011,Nebraska,4672
2012,Nebraska,4814
1960,Nevada,416
1961,Nevada,549
1962,Nevada,711
1963,Nevada,755
1964,Nevada,983
1965,Nevada,953
1966,Nevada,987
1967,Nevada,1100
1968,Nevada,1261
1969,Nevada,1642
1970,Nevada,1948
1971,Nevada,1887
1972,Nevada,2264
1973,Nevada,3135
1974,Nevada,3910
1975,Nevada,4018
1976,Nevada,4215
1977,Nevada,4703
1978,Nevada,5153
1979,Nevada,5866
1980,Nevada,7304
1981,Nevada,7575
1982,Nevada,7096
1983,Nevada,5838
1984,Nevada,5726
1985,Nevada,6244
1986,Nevada,6923
1987,Nevada,7006
1988,Nevada,8275
1989,Nevada,6947
1990,Nevada,7222
1991,Nevada,8693
1992,Nevada,9247
1993,Nevada,12157
1994,Nevada,14597
1995,Nevada,14461
1996,Nevada,13005
1997,Nevada,13395
1998,Nevada,11244
1999,Nevada,10311
2000,Nevada,10474
2001,Nevada,12359
2002,Nevada,13856
2003,Nevada,13813
2004,Nevada,14379
2005,Nevada,14654
2006,Nevada,18687
2007,Nevada,19365
2008,Nevada,18973
2009,Nevada,18639
2010,Nevada,17929
2011,Nevada,15452
2012,Nevada,16763
1960,New Hampshire,81
1961,New Hampshire,89
1962,New Hampshire,178
1963,New Hampshire,164
1964,New Hampshire,149
1965,New Hampshire,156
1966,New Hampshire,259
1967,New Hampshire,218
1968,New Hampshire,279
1969,New Hampshire,325
1970,New Hampshire,413
1971,New Hampshire,580
1972,New Hampshire,491
1973,New Hampshire,649
1974,New Hampshire,739
1975,New Hampshire,816
1976,New Hampshire,709
1977,New Hampshire,960
1978,New Hampshire,1035
1979,New Hampshire,1241
1980,New Hampshire,1653
1981,New Hampshire,1375
1982,New Hampshire,1187
1983,New Hampshire,1200
1984,New Hampshire,1308
1985,New Hampshire,1405
1986,New Hampshire,1433
1987,New Hampshire,1581
1988,New Hampshire,1622
1989,New Hampshire,1865
1990,New Hampshire,1459
1991,New Hampshire,1318
1992,New Hampshire,1397
1993,New Hampshire,1550
1994,New Hampshire,1328
1995,New Hampshire,1314
1996,New Hampshire,1373
1997,New Hampshire,1328
1998,New Hampshire,1270
1999,New Hampshire,1159
2000,New Hampshire,2167
2001,New Hampshire,2144
2002,New Hampshire,2056
2003,New Hampshire,1937
2004,New Hampshire,2202
2005,New Hampshire,1761
2006,New Hampshire,1785
2007,New Hampshire,1896
2008,New Hampshire,2054
2009,New Hampshire,2125
2010,New Hampshire,2204
2011,New Hampshire,2864
2012,New Hampshire,2481
1960,New Jersey,6932
1961,New Jersey,6682
1962,New Jersey,7874
1963,New Jersey,8849
1964,New Jersey,10456
1965,New Jersey,10422
1966,New Jersey,11168
1967,New Jersey,13204
1968,New Jersey,16711
1969,New Jersey,17226
1970,New Jersey,20583
1971,New Jersey,26441
1972,New Jersey,27577
1973,New Jersey,28845
1974,New Jersey,29568
1975,New Jersey,30215
1976,New Jersey,29107
1977,New Jersey,28732
1978,New Jersey,31027
1979,New Jersey,36747
1980,New Jersey,44373
1981,New Jersey,46674
1982,New Jersey,45175
1983,New Jersey,41304
1984,New Jersey,39659
1985,New Jersey,41172
1986,New Jersey,43623
1987,New Jersey,41507
1988,New Jersey,44993
1989,New Jersey,47111
1990,New Jersey,50057
1991,New Jersey,49257
1992,New Jersey,48745
1993,New Jersey,49390
1994,New Jersey,48544
1995,New Jersey,47652
1996,New Jersey,42459
1997,New Jersey,39673
1998,New Jersey,35720
1999,New Jersey,33540
2000,New Jersey,32298
2001,New Jersey,33094
2002,New Jersey,32252
2003,New Jersey,31488
2004,New Jersey,30943
2005,New Jersey,30919
2006,New Jersey,30550
2007,New Jersey,28544
2008,New Jersey,28351
2009,New Jersey,27113
2010,New Jersey,27055
2011,New Jersey,27203
2012,New Jersey,25727
1960,New Mexico,1360
1961,New Mexico,1278
1962,New Mexico,1338
1963,New Mexico,1376
1964,New Mexico,1613
1965,New Mexico,2047
1966,New Mexico,2221
1967,New Mexico,2325
1968,New Mexico,2543
1969,New Mexico,2881
1970,New Mexico,3093
1971,New Mexico,3994
1972,New Mexico,4598
1973,New Mexico,5219
1974,New Mexico,5053
1975,New Mexico,6134
1976,New Mexico,6475
1977,New Mexico,5961
1978,New Mexico,6402
1979,New Mexico,7272
1980,New Mexico,7967
1981,New Mexico,8913
1982,New Mexico,9982
1983,New Mexico,9608
1984,New Mexico,9798
1985,New Mexico,10207
1986,New Mexico,10731
1987,New Mexico,9427
1988,New Mexico,9938
1989,New Mexico,10755
1990,New Mexico,11821
1991,New Mexico,12922
1992,New Mexico,14781
1993,New Mexico,15024
1994,New Mexico,14708
1995,New Mexico,13804
1996,New Mexico,14399
1997,New Mexico,14762
1998,New Mexico,16700
1999,New Mexico,14520
2000,New Mexico,13786
2001,New Mexico,14288
2002,New Mexico,13719
2003,New Mexico,12535
2004,New Mexico,13081
2005,New Mexico,12448
2006,New Mexico,12797
2007,New Mexico,13311
2008,New Mexico,12967
2009,New Mexico,12709
2010,New Mexico,12147
2011,New Mexico,11904
2012,New Mexico,11660
1965,New York,58802
1966,New York,62561
1967,New York,75124
1968,New York,98515
1969,New York,105870
1970,New York,124613
1971,New York,145048
1972,New York,138542
1973,New York,135468
1974,New York,145427
1975,New York,155187
1976,New York,156988
1977,New York,149087
1978,New York,149257
1979,New York,161906
1980,New York,180235
1981,New York,188178
1982,New York,174833
1983,New York,161489
1984,New York,162157
1985,New York,165365
1986,New York,175210
1987,New York,179691
1988,New York,196396
1989,New York,203042
1990,New York,212458
1991,New York,210184
1992,New York,203311
1993,New York,195352
1994,New York,175433
1995,New York,152683
1996,New York,132206
1997,New York,124890
1998,New York,115915
1999,New York,107147
2000,New York,105111
2001,New York,98022
2002,New York,95030
2003,New York,89486
2004,New York,84914
2005,New York,85839
2006,New York,84016
2007,New York,79962
2008,New York,77546
2009,New York,75110
2010,New York,76492
2011,New York,77463
2012,New York,79610
1960,North Carolina,10182
1961,North Carolina,9275
1962,North Carolina,9533
1963,North Carolina,10038
1964,North Carolina,12345
1965,North Carolina,12755
1966,North Carolina,14775
1967,North Carolina,15995
1968,North Carolina,18025
1969,North Carolina,18117
1970,North Carolina,18814
1971,North Carolina,19952
1972,North Carolina,22087
1973,North Carolina,23086
1974,North Carolina,26220
1975,North Carolina,23791
1976,North Carolina,22061
1977,North Carolina,22492
1978,North Carolina,23054
1979,North Carolina,25009
1980,North Carolina,26589
1981,North Carolina,25986
1982,North Carolina,26865
1983,North Carolina,24911
1984,North Carolina,24885
1985,North Carolina,26327
1986,North Carolina,30128
1987,North Carolina,31039
1988,North Carolina,32753
1989,North Carolina,35902
1990,North Carolina,41332
1991,North Carolina,44355
1992,North Carolina,46600
1993,North Carolina,47178
1994,North Carolina,46308
1995,North Carolina,46508
1996,North Carolina,43068
1997,North Carolina,45071
1998,North Carolina,43723
1999,North Carolina,41474
2000,North Carolina,40051
2001,North Carolina,40465
2002,North Carolina,39118
2003,North Carolina,38243
2004,North Carolina,38244
2005,North Carolina,40650
2006,North Carolina,42088
2007,North Carolina,42231
2008,North Carolina,43125
2009,North Carolina,37946
2010,North Carolina,34679
2011,North Carolina,33421
2012,North Carolina,34464
1960,North Dakota,90
1961,North Dakota,160
1962,North Dakota,128
1963,North Dakota,182
1964,North Dakota,229
1965,North Dakota,223
1966,North Dakota,231
1967,North Dakota,185
1968,North Dakota,173
1969,North Dakota,220
1970,North Dakota,211
1971,North Dakota,238
1972,North Dakota,290
1973,North Dakota,389
1974,North Dakota,319
1975,North Dakota,337
1976,North Dakota,462
1977,North Dakota,438
1978,North Dakota,437
1979,North Dakota,403
1980,North Dakota,352
1981,North Dakota,444
1982,North Dakota,414
1983,North Dakota,365
1984,North Dakota,368
1985,North Dakota,322
1986,North Dakota,348
1987,North Dakota,382
1988,North Dakota,392
1989,North Dakota,417
1990,North Dakota,472
1991,North Dakota,415
1992,North Dakota,530
1993,North Dakota,522
1994,North Dakota,522
1995,North Dakota,556
1996,North Dakota,541
1997,North Dakota,559
1998,North Dakota,570
1999,North Dakota,424
2000,North Dakota,523
2001,North Dakota,505
2002,North Dakota,496
2003,North Dakota,508
2004,North Dakota,558
2005,North Dakota,706
2006,North Dakota,1255
2007,North Dakota,1343
2008,North Dakota,1441
2009,North Dakota,1723
2010,North Dakota,1548
2011,North Dakota,1699
2012,North Dakota,1712
1960,Ohio,8120
1961,Ohio,7986
1962,Ohio,8366
1963,Ohio,9086
1964,Ohio,11582
1965,Ohio,12788
1966,Ohio,15626
1967,Ohio,19344
1968,Ohio,21228
1969,Ohio,26648
1970,Ohio,30279
1971,Ohio,32159
1972,Ohio,32286
1973,Ohio,31304
1974,Ohio,39094
1975,Ohio,43901
1976,Ohio,41553
1977,Ohio,43521
1978,Ohio,44357
1979,Ohio,49092
1980,Ohio,53646
1981,Ohio,53509
1982,Ohio,47126
1983,Ohio,42759
1984,Ohio,41430
1985,Ohio,41000
1986,Ohio,45260
1987,Ohio,45436
1988,Ohio,49144
1989,Ohio,51109
1990,Ohio,54904
1991,Ohio,61460
1992,Ohio,57935
1993,Ohio,55915
1994,Ohio,53930
1995,Ohio,53799
1996,Ohio,47896
1997,Ohio,48706
1998,Ohio,40628
1999,Ohio,35616
2000,Ohio,37935
2001,Ohio,40023
2002,Ohio,40128
2003,Ohio,38185
2004,Ohio,38787
2005,Ohio,40162
2006,Ohio,41491
2007,Ohio,40759
2008,Ohio,40436
2009,Ohio,38305
2010,Ohio,36306
2011,Ohio,35218
2012,Ohio,34595
1960,Oklahoma,2258
1961,Oklahoma,2437
1962,Oklahoma,2478
1963,Oklahoma,2808
1964,Oklahoma,3609
1965,Oklahoma,3339
1966,Oklahoma,3552
1967,Oklahoma,3703
1968,Oklahoma,4473
1969,Oklahoma,4775
1970,Oklahoma,5194
1971,Oklahoma,6719
1972,Oklahoma,6289
1973,Oklahoma,6556
1974,Oklahoma,7588
1975,Oklahoma,8225
1976,Oklahoma,7926
1977,Oklahoma,8899
1978,Oklahoma,10165
1979,Oklahoma,11719
1980,Oklahoma,12589
1981,Oklahoma,13223
1982,Oklahoma,14103
1983,Oklahoma,13964
1984,Oklahoma,13438
1985,Oklahoma,13930
1986,Oklahoma,14423
1987,Oklahoma,13664
1988,Oklahoma,14179
1989,Oklahoma,15847
1990,Oklahoma,17222
1991,Oklahoma,18533
1992,Oklahoma,20005
1993,Oklahoma,20512
1994,Oklahoma,21225
1995,Oklahoma,21770
1996,Oklahoma,19710
1997,Oklahoma,18560
1998,Oklahoma,18053
1999,Oklahoma,17066
2000,Oklahoma,17177
2001,Oklahoma,17726
2002,Oklahoma,17587
2003,Oklahoma,17758
2004,Oklahoma,17635
2005,Oklahoma,18044
2006,Oklahoma,17905
2007,Oklahoma,18234
2008,Oklahoma,19359
2009,Oklahoma,18560
2010,Oklahoma,18100
2011,Oklahoma,17311
2012,Oklahoma,17902
1960,Oregon,1232
1961,Oregon,1242
1962,Oregon,1461
1963,Oregon,1393
1964,Oregon,2009
1965,Oregon,2290
1966,Oregon,2470
1967,Oregon,3147
1968,Oregon,3955
1969,Oregon,4527
1970,Oregon,5373
1971,Oregon,6335
1972,Oregon,6494
1973,Oregon,6512
1974,Oregon,8326
1975,Oregon,10034
1976,Oregon,10654
1977,Oregon,10830
1978,Oregon,12278
1979,Oregon,13781
1980,Oregon,12802
1981,Oregon,12671
1982,Oregon,12529
1983,Oregon,12986
1984,Oregon,13533
1985,Oregon,14807
1986,Oregon,14830
1987,Oregon,14697
1988,Oregon,14959
1989,Oregon,14625
1990,Oregon,14405
1991,Oregon,14795
1992,Oregon,15189
1993,Oregon,15254
1994,Oregon,16067
1995,Oregon,16408
1996,Oregon,14837
1997,Oregon,14412
1998,Oregon,13778
1999,Oregon,12432
2000,Oregon,12000
2001,Oregon,10650
2002,Oregon,10298
2003,Oregon,10506
2004,Oregon,10724
2005,Oregon,10444
2006,Oregon,10534
2007,Oregon,11015
2008,Oregon,9909
2009,Oregon,9968
2010,Oregon,9648
2011,Oregon,9643
2012,Oregon,9653
1960,Pennsylvania,11203
1961,Pennsylvania,11223
1962,Pennsylvania,11856
1963,Pennsylvania,12678
1964,Pennsylvania,14162
1965,Pennsylvania,16384
1966,Pennsylvania,15169
1967,Pennsylvania,16119
1968,Pennsylvania,20710
1969,Pennsylvania,22887
1970,Pennsylvania,25970
1971,Pennsylvania,31917
1972,Pennsylvania,33052
1973,Pennsylvania,32397
1974,Pennsylvania,37281
1975,Pennsylvania,38933
1976,Pennsylvania,34985
1977,Pennsylvania,33328
1978,Pennsylvania,35381
1979,Pennsylvania,39133
1980,Pennsylvania,43032
1981,Pennsylvania,44104
1982,Pennsylvania,42767
1983,Pennsylvania,40782
1984,Pennsylvania,38154
1985,Pennsylvania,39240
1986,Pennsylvania,42629
1987,Pennsylvania,44087
1988,Pennsylvania,43534
1989,Pennsylvania,45586
1990,Pennsylvania,51213
1991,Pennsylvania,53824
1992,Pennsylvania,51276
1993,Pennsylvania,50295
1994,Pennsylvania,51425
1995,Pennsylvania,51586
1996,Pennsylvania,57905
1997,Pennsylvania,53140
1998,Pennsylvania,50470
1999,Pennsylvania,50431
2000,Pennsylvania,51584
2001,Pennsylvania,50432
2002,Pennsylvania,49578
2003,Pennsylvania,49210
2004,Pennsylvania,50998
2005,Pennsylvania,52761
2006,Pennsylvania,55028
2007,Pennsylvania,51806
2008,Pennsylvania,51044
2009,Pennsylvania,48188
2010,Pennsylvania,46612
2011,Pennsylvania,46189
2012,Pennsylvania,44503
1960,Rhode Island,316
1961,Rhode Island,372
1962,Rhode Island,402
1963,Rhode Island,500
1964,Rhode Island,578
1965,Rhode Island,722
1966,Rhode Island,849
1967,Rhode Island,1156
1968,Rhode Island,1254
1969,Rhode Island,1594
1970,Rhode Island,1944
1971,Rhode Island,2129
1972,Rhode Island,2424
1973,Rhode Island,2749
1974,Rhode Island,2651
1975,Rhode Island,2802
1976,Rhode Island,2779
1977,Rhode Island,2820
1978,Rhode Island,3255
1979,Rhode Island,3485
1980,Rhode Island,3864
1981,Rhode Island,4205
1982,Rhode Island,3849
1983,Rhode Island,3392
1984,Rhode Island,3220
1985,Rhode Island,3355
1986,Rhode Island,3271
1987,Rhode Island,3547
1988,Rhode Island,3947
1989,Rhode Island,3772
1990,Rhode Island,4334
1991,Rhode Island,4638
1992,Rhode Island,3965
1993,Rhode Island,4017
1994,Rhode Island,3744
1995,Rhode Island,3643
1996,Rhode Island,3437
1997,Rhode Island,3292
1998,Rhode Island,3084
1999,Rhode Island,2840
2000,Rhode Island,3121
2001,Rhode Island,3278
2002,Rhode Island,3051
2003,Rhode Island,3074
2004,Rhode Island,2673
2005,Rhode Island,2710
2006,Rhode Island,2460
2007,Rhode Island,2424
2008,Rhode Island,2656
2009,Rhode Island,2678
2010,Rhode Island,2709
2011,Rhode Island,2586
2012,Rhode Island,2651
1960,South Carolina,3424
1961,South Carolina,3318
1962,South Carolina,3012
1963,South Carolina,4075
1964,South Carolina,4240
1965,South Carolina,4504
1966,South Carolina,5844
1967,South Carolina,6015
1968,South Carolina,5853
1969,South Carolina,6449
1970,South Carolina,7412
1971,South Carolina,8188
1972,South Carolina,10312
1973,South Carolina,10757
1974,South Carolina,12688
1975,South Carolina,14412
1976,South Carolina,17065
1977,South Carolina,18297
1978,South Carolina,18604
1979,South Carolina,19889
1980,South Carolina,20225
1981,South Carolina,20275
1982,South Carolina,23061
1983,South Carolina,20133
1984,South Carolina,20607
1985,South Carolina,21121
1986,South Carolina,22789
1987,South Carolina,22773
1988,South Carolina,25889
1989,South Carolina,28576
1990,South Carolina,34050
1991,South Carolina,34621
1992,South Carolina,34029
1993,South Carolina,37281
1994,South Carolina,37756
1995,South Carolina,36067
1996,South Carolina,36875
1997,South Carolina,37235
1998,South Carolina,34647
1999,South Carolina,32920
2000,South Carolina,33225
2001,South Carolina,33114
2002,South Carolina,33761
2003,South Carolina,33455
2004,South Carolina,33160
2005,South Carolina,32590
2006,South Carolina,33322
2007,South Carolina,34630
2008,South Carolina,32746
2009,South Carolina,30799
2010,South Carolina,27923
2011,South Carolina,27894
2012,South Carolina,26397
1960,South Dakota,282
1961,South Dakota,245
1962,South Dakota,279
1963,South Dakota,278
1964,South Dakota,408
1965,South Dakota,415
1966,South Dakota,568
1967,South Dakota,586
1968,South Dakota,563
1969,South Dakota,510
1970,South Dakota,616
1971,South Dakota,644
1972,South Dakota,756
1973,South Dakota,869
1974,South Dakota,1234
1975,South Dakota,1402
1976,South Dakota,1277
1977,South Dakota,1303
1978,South Dakota,1128
1979,South Dakota,1096
1980,South Dakota,873
1981,South Dakota,718
1982,South Dakota,684
1983,South Dakota,840
1984,South Dakota,1041
1985,South Dakota,967
1986,South Dakota,883
1987,South Dakota,849
1988,South Dakota,813
1989,South Dakota,969
1990,South Dakota,1133
1991,South Dakota,1281
1992,South Dakota,1383
1993,South Dakota,1490
1994,South Dakota,1641
1995,South Dakota,1513
1996,South Dakota,1297
1997,South Dakota,1457
1998,South Dakota,1139
1999,South Dakota,1227
2000,South Dakota,1259
2001,South Dakota,1171
2002,South Dakota,1350
2003,South Dakota,1329
2004,South Dakota,1319
2005,South Dakota,1387
2006,South Dakota,2071
2007,South Dakota,1926
2008,South Dakota,2227
2009,South Dakota,1777
2010,South Dakota,2196
2011,South Dakota,2105
2012,South Dakota,2682
1960,Tennessee,3250
1961,Tennessee,3910
1962,Tennessee,3767
1963,Tennessee,3777
1964,Tennessee,4505
1965,Tennessee,5333
1966,Tennessee,6145
1967,Tennessee,8111
1968,Tennessee,8766
1969,Tennessee,9235
1970,Tennessee,10787
1971,Tennessee,12520
1972,Tennessee,12858
1973,Tennessee,14771
1974,Tennessee,15969
1975,Tennessee,16627
1976,Tennessee,16574
1977,Tennessee,16743
1978,Tennessee,16671
1979,Tennessee,18135
1980,Tennessee,20824
1981,Tennessee,19019
1982,Tennessee,19586
1983,Tennessee,18836
1984,Tennessee,21010
1985,Tennessee,22592
1986,Tennessee,25919
1987,Tennessee,25900
1988,Tennessee,26205
1989,Tennessee,27118
1990,Tennessee,32698
1991,Tennessee,35955
1992,Tennessee,37487
1993,Tennessee,39047
1994,Tennessee,38705
1995,Tennessee,40549
1996,Tennessee,41175
1997,Tennessee,42389
1998,Tennessee,38832
1999,Tennessee,38111
2000,Tennessee,40233
2001,Tennessee,42776
2002,Tennessee,41562
2003,Tennessee,40409
2004,Tennessee,41113
2005,Tennessee,45104
2006,Tennessee,46043
2007,Tennessee,46482
2008,Tennessee,44913
2009,Tennessee,41933
2010,Tennessee,38909
2011,Tennessee,38895
2012,Tennessee,41550
1960,Texas,15428
1961,Texas,15441
1962,Texas,15516
1963,Texas,17511
1964,Texas,19769
1965,Texas,21029
1966,Texas,24382
1967,Texas,26749
1968,Texas,29646
1969,Texas,36707
1970,Texas,40897
1971,Texas,43089
1972,Texas,41285
1973,Texas,45458
1974,Texas,47008
1975,Texas,47803
1976,Texas,44422
1977,Texas,52309
1978,Texas,56650
1979,Texas,67988
1980,Texas,77978
1981,Texas,78560
1982,Texas,88178
1983,Texas,80546
1984,Texas,80737
1985,Texas,90030
1986,Texas,109925
1987,Texas,105961
1988,Texas,109499
1989,Texas,111889
1990,Texas,129343
1991,Texas,145743
1992,Texas,142369
1993,Texas,137419
1994,Texas,129838
1995,Texas,124303
1996,Texas,123270
1997,Texas,117126
1998,Texas,111566
1999,Texas,112306
2000,Texas,113653
2001,Texas,122155
2002,Texas,126018
2003,Texas,122246
2004,Texas,121554
2005,Texas,121091
2006,Texas,121602
2007,Texas,122014
2008,Texas,123585
2009,Texas,121684
2010,Texas,113231
2011,Texas,104734
2012,Texas,106476
1960,Utah,484
1961,Utah,451
1962,Utah,554
1963,Utah,598
1964,Utah,888
1965,Utah,886
1966,Utah,1148
1967,Utah,1194
1968,Utah,1201
1969,Utah,1460
1970,Utah,1459
1971,Utah,1689
1972,Utah,2063
1973,Utah,2412
1974,Utah,2517
1975,Utah,2795
1976,Utah,2709
1977,Utah,3043
1978,Utah,3552
1979,Utah,4158
1980,Utah,4425
1981,Utah,4527
1982,Utah,4440
1983,Utah,4144
1984,Utah,4035
1985,Utah,4398
1986,Utah,4441
1987,Utah,3861
1988,Utah,4110
1989,Utah,4417
1990,Utah,4892
1991,Utah,5077
1992,Utah,5267
1993,Utah,5599
1994,Utah,5810
1995,Utah,6415
1996,Utah,6638
1997,Utah,6878
1998,Utah,6599
1999,Utah,5869
2000,Utah,5711
2001,Utah,5314
2002,Utah,5488
2003,Utah,5889
2004,Utah,5647
2005,Utah,5612
2006,Utah,5771
2007,Utah,6347
2008,Utah,6165
2009,Utah,5998
2010,Utah,5925
2011,Utah,5547
2012,Utah,5876
1960,Vermont,37
1961,Vermont,79
1962,Vermont,57
1963,Vermont,92
1964,Vermont,89
1965,Vermont,89
1966,Vermont,80
1967,Vermont,86
1968,Vermont,157
1969,Vermont,234
1970,Vermont,329
1971,Vermont,333
1972,Vermont,445
1973,Vermont,327
1974,Vermont,353
1975,Vermont,448
1976,Vermont,563
1977,Vermont,722
1978,Vermont,810
1979,Vermont,908
1980,Vermont,914
1981,Vermont,659
1982,Vermont,655
1983,Vermont,696
1984,Vermont,769
1985,Vermont,790
1986,Vermont,807
1987,Vermont,748
1988,Vermont,791
1989,Vermont,753
1990,Vermont,716
1991,Vermont,662
1992,Vermont,624
1993,Vermont,658
1994,Vermont,562
1995,Vermont,692
1996,Vermont,714
1997,Vermont,705
1998,Vermont,628
1999,Vermont,676
2000,Vermont,691
2001,Vermont,644
2002,Vermont,658
2003,Vermont,707
2004,Vermont,713
2005,Vermont,782
2006,Vermont,905
2007,Vermont,802
2008,Vermont,854
2009,Vermont,837
2010,Vermont,820
2011,Vermont,925
2012,Vermont,893
1960,Virginia,7286
1961,Virginia,7555
1962,Virginia,7720
1963,Virginia,8259
1964,Virginia,10561
1965,Virginia,10145
1966,Virginia,10399
1967,Virginia,10328
1968,Virginia,12821
1969,Virginia,12433
1970,Virginia,14040
1971,Virginia,15384
1972,Virginia,16483
1973,Virginia,16007
1974,Virginia,17514
1975,Virginia,18917
1976,Virginia,15485
1977,Virginia,14893
1978,Virginia,14743
1979,Virginia,15642
1980,Virginia,16355
1981,Virginia,17456
1982,Virginia,16970
1983,Virginia,16236
1984,Virginia,16660
1985,Virginia,16813
1986,Virginia,17708
1987,Virginia,17414
1988,Virginia,17940
1989,Virginia,19057
1990,Virginia,21694
1991,Virginia,23459
1992,Virginia,23907
1993,Virginia,24160
1994,Virginia,23437
1995,Virginia,23921
1996,Virginia,22782
1997,Virginia,23249
1998,Virginia,22115
1999,Virginia,21626
2000,Virginia,19943
2001,Virginia,20939
2002,Virginia,21256
2003,Virginia,20490
2004,Virginia,20608
2005,Virginia,21434
2006,Virginia,21683
2007,Virginia,21035
2008,Virginia,20031
2009,Virginia,18195
2010,Virginia,17184
2011,Virginia,16014
2012,Virginia,15564
1960,Washington,1616
1961,Washington,1687
1962,Washington,1913
1963,Washington,2034
1964,Washington,2761
1965,Washington,3081
1966,Washington,3673
1967,Washington,4754
1968,Washington,6970
1969,Washington,8243
1970,Washington,7546
1971,Washington,8155
1972,Washington,8627
1973,Washington,9309
1974,Washington,12036
1975,Washington,13851
1976,Washington,14036
1977,Washington,13714
1978,Washington,15296
1979,Washington,17064
1980,Washington,19098
1981,Washington,18839
1982,Washington,17251
1983,Washington,15986
1984,Washington,17676
1985,Washington,18757
1986,Washington,19505
1987,Washington,19945
1988,Washington,21543
1989,Washington,22460
1990,Washington,24410
1991,Washington,26224
1992,Washington,27454
1993,Washington,27040
1994,Washington,27317
1995,Washington,26300
1996,Washington,23857
1997,Washington,24724
1998,Washington,24380
1999,Washington,21716
2000,Washington,21788
2001,Washington,21258
2002,Washington,20964
2003,Washington,21272
2004,Washington,21330
2005,Washington,21745
2006,Washington,22303
2007,Washington,21768
2008,Washington,21888
2009,Washington,22412
2010,Washington,21138
2011,Washington,20152
2012,Washington,20386
1960,West Virginia,1200
1961,West Virginia,1167
1962,West Virginia,1146
1963,West Virginia,1185
1964,West Virginia,1359
1965,West Virginia,1413
1966,West Virginia,1613
1967,West Virginia,1744
1968,West Virginia,1959
1969,West Virginia,1766
1970,West Virginia,2158
1971,West Virginia,2311
1972,West Virginia,2299
1973,West Virginia,2219
1974,West Virginia,2460
1975,West Virginia,2915
1976,West Virginia,2761
1977,West Virginia,2832
1978,West Virginia,3120
1979,West Virginia,3156
1980,West Virginia,3547
1981,West Virginia,3410
1982,West Virginia,3405
1983,West Virginia,3375
1984,West Virginia,3283
1985,West Virginia,3214
1986,West Virginia,3156
1987,West Virginia,2605
1988,West Virginia,2476
1989,West Virginia,2724
1990,West Virginia,3036
1991,West Virginia,3440
1992,West Virginia,3833
1993,West Virginia,3793
1994,West Virginia,3931
1995,West Virginia,3842
1996,West Virginia,3836
1997,West Virginia,3971
1998,West Virginia,4503
1999,West Virginia,6336
2000,West Virginia,5723
2001,West Virginia,5035
2002,West Virginia,4221
2003,West Virginia,4627
2004,West Virginia,5110
2005,West Virginia,4968
2006,West Virginia,5113
2007,West Virginia,5016
2008,West Virginia,5006
2009,West Virginia,5554
2010,West Virginia,5586
2011,West Virginia,5497
2012,West Virginia,5869
1960,Wisconsin,1261
1961,Wisconsin,1268
1962,Wisconsin,1174
1963,Wisconsin,1312
1964,Wisconsin,1762
1965,Wisconsin,1911
1966,Wisconsin,1984
1967,Wisconsin,2948
1968,Wisconsin,3400
1969,Wisconsin,3411
1970,Wisconsin,3792
1971,Wisconsin,3957
1972,Wisconsin,4358
1973,Wisconsin,5273
1974,Wisconsin,6411
1975,Wisconsin,6992
1976,Wisconsin,6345
1977,Wisconsin,6117
1978,Wisconsin,6184
1979,Wisconsin,7839
1980,Wisconsin,8546
1981,Wisconsin,8904
1982,Wisconsin,9077
1983,Wisconsin,9070
1984,Wisconsin,9367
1985,Wisconsin,9880
1986,Wisconsin,12339
1987,Wisconsin,12014
1988,Wisconsin,10414
1989,Wisconsin,10834
1990,Wisconsin,12948
1991,Wisconsin,13723
1992,Wisconsin,13806
1993,Wisconsin,13321
1994,Wisconsin,13748
1995,Wisconsin,14399
1996,Wisconsin,13039
1997,Wisconsin,13988
1998,Wisconsin,13009
1999,Wisconsin,12908
2000,Wisconsin,12700
2001,Wisconsin,12486
2002,Wisconsin,12238
2003,Wisconsin,12104
2004,Wisconsin,11548
2005,Wisconsin,13367
2006,Wisconsin,15899
2007,Wisconsin,16330
2008,Wisconsin,15507
2009,Wisconsin,14650
2010,Wisconsin,14167
2011,Wisconsin,14268
2012,Wisconsin,16064
1960,Wyoming,362
1961,Wyoming,288
1962,Wyoming,156
1963,Wyoming,213
1964,Wyoming,285
1965,Wyoming,257
1966,Wyoming,273
1967,Wyoming,294
1968,Wyoming,278
1969,Wyoming,286
1970,Wyoming,376
1971,Wyoming,532
1972,Wyoming,511
1973,Wyoming,763
1974,Wyoming,519
1975,Wyoming,764
1976,Wyoming,851
1977,Wyoming,978
1978,Wyoming,1189
1979,Wyoming,1579
1980,Wyoming,1841
1981,Wyoming,2116
1982,Wyoming,1527
1983,Wyoming,1219
1984,Wyoming,1237
1985,Wyoming,1307
1986,Wyoming,1486
1987,Wyoming,1387
1988,Wyoming,1479
1989,Wyoming,1227
1990,Wyoming,1367
1991,Wyoming,1427
1992,Wyoming,1489
1993,Wyoming,1345
1994,Wyoming,1297
1995,Wyoming,1220
1996,Wyoming,1201
1997,Wyoming,1225
1998,Wyoming,1191
1999,Wyoming,1115
2000,Wyoming,1316
2001,Wyoming,1272
2002,Wyoming,1364
2003,Wyoming,1314
2004,Wyoming,1163
2005,Wyoming,1172
2006,Wyoming,1307
2007,Wyoming,1344
2008,Wyoming,1330
2009,Wyoming,1196
2010,Wyoming,1117
2011,Wyoming,1245
2012,Wyoming,1161
